145A3;145EMA3;0
145A5;145UA5;0
145DICEA;145S1;0
145EMA7;145DICEA;0
145EMG1;150G1G2;0
145EMG2;145RG2;0
145R1;145WC1;0
145R3;145R1;0
145RG1;145EMG1;0
145RG1;145A5;0
145RG1;145U1;0
145RG2;145U2;0
145S1;145RG1;0
145S1;145EM1;0
145S1;145R3;0
145S2;145S3;0
145S2;145RG2;0
145S3;145A3;0
145WC1;145RAM;0
145WC1;145U3;0
145WC1;145S2;0
150A3;150R2;0
150A7;150DICEA1;0
150DICEA;150A5;0
150DICEA1;150G1;0
150EMA7;150WC1;0
150G1;150DICEA;0
150G1;150STRADE;0
150G1G2;150G2;0
150G1G2;145EMG2;0
150G1G2;150G1;0
150R1;150RL;0
150R1;150EMRL;0
150R2;150WC1;0
150R2;150G2;0
150RAM;150BIB;0
150RAM;150S1;0
150RL;150EMR1;0
150S1;150R1;0
150S1;150A3;0
150STRADE;150EMA7;0
150WC1;150RAM;0
155A7;155DICEA;0
155ACQ;155EM4;0
155ACQ;155CESMI;0
155CESMI;155WC2;0
155CESMI;155BAR;0
155DICEA;155R567;0
155ECDL;155WC2;0
155EM1;155S1;0
155EM3;155ACQ;0
155EM4;155UP;0
155R23D2;155RD1;0
155R4;155EM1;0
155R4;155R4D3;0
155R4D3;155R23D2;0
155R567;155A5;0
155R567;155R4;0
155RD1;155WC1;0
155S1;155WC2;0
155S1;155EM3;0
155WC1;155ECDL;0
155WC1;155EM1;0
155WC2;155A3;0
